"word","sentiment"
"abundancia","negative"
"abundante","positive"
"adecuado","positive"
"admirable","positive"
"adorar","positive"
"agitacion","negative"
"agotamiento","negative"
"agradable","positive"
"agudo","negative"
"alerta","positive"
"amenaza","negative"
"apreciado","positive"
"apropiado","positive"
"aviso","negative"
"belleza","positive"
"bueno","positive"
"burla","negative"
"calvario","negative"
"cansancio","negative"
"censura","negative"
"confianza","positive"
"confusion","negative"
"contento","positive"
"conveniente","positive"
"correccion","positive"
"corrupcion","negative"
"cortes","positive"
"criterio","positive"
"crueldad","negative"
"curioso","negative"
"desconocido","negative"
"destacable","positive"
"dictadura","negative"
"diestro","positive"
"dificil","negative"
"dificultad","negative"
"digno","positive"
"educado","positive"
"entusiasmo","positive"
"erupcion","negative"
"estima","positive"
"estimulante","positive"
"estricto","negative"
"facultades","positive"
"feroz","negative"
"fijacion","negative"
"funcional","positive"
"gasto","negative"
"gozo","positive"
"gravedad","negative"
"ilegal","negative"
"imperial","positive"
"inestable","negative"
"letal","negative"
"magnifico","positive"
"maldicion","negative"
"mancha","negative"
"miseria","negative"
"misterioso","negative"
"obediencia","positive"
"opresion","negative"
"optimista","positive"
"oscuro","negative"
"pacifico","positive"
"parasito","negative"
"parcial","positive"
"parodia","negative"
"pasado","negative"
"peor","negative"
"perfeccion","positive"
"pesado","negative"
"placido","positive"
"plaga","negative"
"pleito","negative"
"pobre","negative"
"poetico","positive"
"potente","positive"
"predominante","positive"
"preocupado","negative"
"preservacion","positive"
"prestigio","positive"
"presto","positive"
"propicio","positive"
"rendimiento","negative"
"renovacion","positive"
"renuncia","negative"
"reposo","positive"
"resistente","positive"
"riguroso","negative"
"sabio","positive"
"sabor","positive"
"salvacion","positive"
"salvaje","negative"
"sonrisa","positive"
"superficial","negative"
"tirania","negative"
"toxico","negative"
"vacio","negative"
"valioso","positive"
"viable","positive"
"abandonar","negative"
"abandono","negative"
"abarrotado","negative"
"abatir","negative"
"abierto","positive"
"abominable","negative"
"abominacion","negative"
"abominar","negative"
"aborrecer","negative"
"aborrecible","negative"
"aborrecimiento","negative"
"aborto","negative"
"abrasador","negative"
"abrumar","negative"
"absolutismo","negative"
"absurdo","negative"
"abundoso","positive"
"aburrido","negative"
"acabado","negative"
"acaudalado","positive"
"acertado","positive"
"achaque","negative"
"achispado","negative"
"acibarar","negative"
"acido","negative"
"aclamacion","positive"
"acobardar","negative"
"acogedor","positive"
"acosar","negative"
"acre","negative"
"acusacion","negative"
"acusar","negative"
"adinerado","positive"
"admiracion","positive"
"admonitorio","negative"
"adorable","positive"
"adusto","negative"
"adversidad","negative"
"advertencia","negative"
"afable","positive"
"afan","negative"
"afeccion","negative"
"afecto","positive"
"afectuoso","positive"
"afeminado","negative"
"affaire","positive"
"aficion","positive"
"afirmar","positive"
"afirmativo","positive"
"afliccion","negative"
"afligido","negative"
"afortunado","positive"
"afrenta","negative"
"afrontar","negative"
"agitado","negative"
"agitar","negative"
"agobiante","negative"
"agravamiento","negative"
"agravar","negative"
"agrio","negative"
"agudeza","negative"
"ahuecamiento","negative"
"ajustar","positive"
"alboroto","negative"
"alborozar","positive"
"alborozo","positive"
"alcoholico","negative"
"alcornoque","negative"
"alegre","positive"
"alegria","positive"
"alentar","positive"
"alfilerazo","negative"
"algazara","positive"
"aliado","positive"
"alifafe","negative"
"alimenticio","positive"
"alivio","positive"
"alocado","negative"
"altaneria","negative"
"altanero","negative"
"altivez","negative"
"altiveza","negative"
"altivo","negative"
"altruista","positive"
"amable","positive"
"amado","positive"
"amargar","negative"
"amargo","negative"
"amargura","negative"
"ambicion","positive"
"amenazador","negative"
"ameno","positive"
"amigable","positive"
"amistoso","positive"
"amonestar","negative"
"angelical","positive"
"angelico","positive"
"angustia","negative"
"angustiado","negative"
"angustioso","negative"
"animado","positive"
"animal","negative"
"animar","positive"
"animosidad","negative"
"aniquilacion","negative"
"aniquilamiento","negative"
"ansia","negative"
"ansiedad","negative"
"ansioso","positive"
"antagonico","negative"
"antediluviano","negative"
"anticuado","negative"
"antiguo","negative"
"antipatico","negative"
"antitetico","negative"
"anular","negative"
"apacible","positive"
"apasionado","positive"
"apasionante","positive"
"apenado","negative"
"apesadumbrado","negative"
"aplauso","positive"
"apocar","negative"
"apoderarse","negative"
"aprension","negative"
"apretura","negative"
"aprieto","negative"
"apto","positive"
"apuesto","positive"
"apuro","negative"
"aranazo","negative"
"ardiente","positive"
"ardor","positive"
"arisco","negative"
"arpia","negative"
"arrancar","negative"
"arranque","positive"
"arrebatamiento","positive"
"arrebatar","positive"
"arrebato","positive"
"arrepentirse","positive"
"arriesgado","negative"
"arriesgar","negative"
"arrobamiento","positive"
"arrobar","positive"
"arrogancia","negative"
"arrogante","negative"
"arrojado","positive"
"arruinar","negative"
"arte","positive"
"artero","negative"
"artificial","negative"
"ascendente","positive"
"asco","negative"
"asegurar","positive"
"asesino","negative"
"asimetria","negative"
"asombrar","negative"
"asombroso","positive"
"aspiracion","positive"
"asqueado","negative"
"asquear","negative"
"asqueroso","negative"
"astuto","positive"
"asunto","positive"
"asustar","negative"
"atencion","positive"
"atento","positive"
"atolladero","negative"
"atormentar","negative"
"atractivo","positive"
"atrayente","positive"
"atrevido","positive"
"atrevimiento","negative"
"atribulacion","negative"
"atrocidad","negative"
"atroz","negative"
"aturdir","negative"
"aturrullar","negative"
"audaz","positive"
"austero","negative"
"autentico","positive"
"autoritarismo","negative"
"autorizacion","positive"
"aventajar","positive"
"aventura","positive"
"aversion","negative"
"bacanal","negative"
"bajo","negative"
"bajon","negative"
"baladron","negative"
"barbaridad","negative"
"barbarie","negative"
"barbaro","negative"
"barrila","negative"
"basto","negative"
"basura","negative"
"befa","negative"
"belico","negative"
"belicoso","negative"
"bellaco","negative"
"bello","positive"
"bendecir","positive"
"beneficio","positive"
"beneficioso","positive"
"benefico","positive"
"benevolencia","positive"
"benevolente","positive"
"benevolo","positive"
"berenjenal","negative"
"bestia","negative"
"bestial","negative"
"bienaventuranza","positive"
"bienestar","positive"
"bizarro","positive"
"bobo","negative"
"bocon","negative"
"bombon","positive"
"bonito","positive"
"borracho","negative"
"botarate","negative"
"braveza","negative"
"bravucon","negative"
"bravura","negative"
"brega","negative"
"brillante","positive"
"brillantez","positive"
"bronca","negative"
"brote","negative"
"bruja","negative"
"brutal","negative"
"buen","positive"
"bullanguero","negative"
"bullicio","negative"
"bunuelo","negative"
"burlar","negative"
"burro","negative"
"caballeria","positive"
"caballerosidad","positive"
"cabezota","negative"
"cabreado","negative"
"caca","negative"
"cacao","negative"
"cagada","negative"
"cagarria","negative"
"caida","negative"
"calamidad","negative"
"calamitoso","negative"
"calavera","negative"
"calido","positive"
"calmado","positive"
"calmo","positive"
"calvatrueno","negative"
"camorra","negative"
"camorrista","negative"
"candido","positive"
"cantada","negative"
"cante","negative"
"caos","negative"
"capaz","positive"
"capital","positive"
"caradura","negative"
"cardenal","negative"
"carecer","positive"
"carga","negative"
"cargante","negative"
"carinoso","positive"
"carniceria","negative"
"caro","negative"
"cascarrabias","negative"
"castigo","negative"
"casual","positive"
"cataclismo","negative"
"catastrofe","negative"
"catastrofico","negative"
"caucion","negative"
"caustico","negative"
"cautivador","positive"
"cautivar","positive"
"ceder","negative"
"celebracion","positive"
"celebrar","positive"
"celebre","positive"
"censurar","negative"
"ceporro","negative"
"cernicalo","negative"
"certero","positive"
"cese","positive"
"chachi","negative"
"chalado","negative"
"charro","negative"
"chasco","negative"
"chic","positive"
"chiflado","negative"
"chillon","negative"
"chismorreo","negative"
"chocar","negative"
"choque","negative"
"chufleta","negative"
"cinismo","negative"
"cipote","negative"
"circunspeccion","positive"
"civilizado","positive"
"clamoroso","positive"
"codicioso","negative"
"coger","negative"
"coherente","positive"
"coincidencia","positive"
"colerico","negative"
"coligado","positive"
"colmado","positive"
"combativo","negative"
"comodidad","positive"
"compasion","positive"
"competente","positive"
"complaciente","positive"
"complicacion","negative"
"comprensible","positive"
"comprometer","negative"
"comun","negative"
"conceder","negative"
"concepcion","positive"
"conciencia","positive"
"condescendencia","negative"
"confiabilidad","positive"
"confidente","positive"
"conflicto","negative"
"confrontacion","negative"
"congoja","negative"
"conmiseracion","negative"
"conmocion","negative"
"conocido","positive"
"consagrar","positive"
"consagrarse","positive"
"consciencia","positive"
"conseguir","positive"
"consideracion","positive"
"considerado","positive"
"constante","positive"
"consternado","negative"
"consternar","negative"
"consumado","positive"
"contradiccion","negative"
"contraerse","negative"
"contrariedad","negative"
"contrario","negative"
"contratiempo","negative"
"contundente","positive"
"conturbar","negative"
"contusion","negative"
"copete","negative"
"copioso","positive"
"coraje","positive"
"cordial","positive"
"corrupto","negative"
"cortante","negative"
"corto","negative"
"crack","positive"
"craso","negative"
"creativo","positive"
"crecer","positive"
"creciente","positive"
"credibilidad","positive"
"creible","positive"
"criatura","negative"
"criminal","negative"
"cruel","negative"
"cuento","negative"
"cuestionable","negative"
"cuita","negative"
"cuitado","negative"
"culpabilidad","negative"
"cultivado","positive"
"culto","positive"
"dadivoso","positive"
"danar","negative"
"danino","negative"
"dano","negative"
"danoso","negative"
"debacle","negative"
"debil","negative"
"decaido","negative"
"decepcion","negative"
"dechado","positive"
"decidido","positive"
"dedicar","positive"
"defecto","negative"
"deferencia","positive"
"deficiencia","negative"
"deficiente","negative"
"degeneracion","negative"
"delatar","negative"
"deleitoso","positive"
"deletereo","negative"
"delicadeza","positive"
"delicado","negative"
"delicioso","positive"
"delincuente","negative"
"delirio","negative"
"demente","negative"
"demoler","negative"
"demonio","negative"
"denegacion","negative"
"deplorable","negative"
"deplorar","negative"
"depre","negative"
"depresivo","negative"
"deprimente","negative"
"deprimido","negative"
"deprimir","negative"
"derribar","negative"
"derrocar","negative"
"derroche","positive"
"desabrido","negative"
"desabrigo","negative"
"desafecto","negative"
"desafilado","negative"
"desafio","negative"
"desafortunado","negative"
"desagradable","negative"
"desagradar","negative"
"desagradecido","negative"
"desagrado","negative"
"desahogo","positive"
"desalentado","negative"
"desalentador","negative"
"desalentar","negative"
"desalmado","negative"
"desamparo","negative"
"desanimar","negative"
"desapacible","negative"
"desarreglo","negative"
"desasosegado","negative"
"desasosiego","negative"
"desastre","negative"
"desastroso","negative"
"desatento","negative"
"desazon","negative"
"desbarajuste","negative"
"descanso","positive"
"descarado","negative"
"descargar","positive"
"descaro","negative"
"descomunal","negative"
"desconcertar","negative"
"desconsolado","negative"
"descortes","negative"
"descuello","negative"
"descuido","negative"
"desden","negative"
"desdenar","negative"
"desdicha","negative"
"desdichado","negative"
"desecho","negative"
"desencadenamiento","negative"
"desencanto","negative"
"desengano","negative"
"deseo","positive"
"desesperacion","negative"
"desesperanza","negative"
"desesperanzar","negative"
"desestimacion","negative"
"desfachatez","negative"
"desfallecimiento","negative"
"desfasado","negative"
"desfavorable","negative"
"desgarbado","negative"
"desgarrador","negative"
"desgracia","negative"
"deshonra","negative"
"desigual","negative"
"desigualdad","negative"
"desilusion","negative"
"desistir","negative"
"deslumbrante","negative"
"desmanado","negative"
"desmentir","negative"
"desmesurado","negative"
"desmoralizar","negative"
"desnudar","negative"
"desocupado","positive"
"desolado","negative"
"desorbitado","negative"
"desorden","negative"
"despedida","positive"
"despiadado","negative"
"despido","positive"
"desposeer","negative"
"despotismo","negative"
"despreciable","negative"
"despreciar","negative"
"desprecio","negative"
"desprendido","positive"
"desquiciar","negative"
"desquite","negative"
"destacado","positive"
"destacar","positive"
"destreza","positive"
"destrozar","negative"
"desvanecimiento","negative"
"desventajoso","negative"
"desventura","negative"
"desventurado","negative"
"desvergonzado","negative"
"desverguenza","negative"
"detestable","negative"
"detestar","negative"
"detonador","negative"
"detrimento","negative"
"diablillo","negative"
"diablo","negative"
"dicha","positive"
"dichoso","positive"
"dificultoso","negative"
"dinamico","positive"
"discernimiento","positive"
"discrecion","positive"
"discusion","negative"
"diseminado","negative"
"diserto","positive"
"disfrutar","positive"
"disgustado","negative"
"disgustar","negative"
"disgusto","negative"
"disparatado","negative"
"distante","negative"
"distincion","positive"
"distinguido","positive"
"distinguir","positive"
"distraer","negative"
"disturbios","negative"
"diverso","negative"
"divertido","positive"
"divertir","positive"
"divino","positive"
"docto","positive"
"doler","negative"
"doloroso","negative"
"dotar","positive"
"ducho","positive"
"dudoso","negative"
"dulce","positive"
"duro","negative"
"ebrio","negative"
"echador","negative"
"edicion","positive"
"efectivo","positive"
"eficaz","positive"
"efimero","negative"
"ejemplar","positive"
"ejemplo","positive"
"elacion","negative"
"elegante","positive"
"elevado","positive"
"elocuente","positive"
"embelesamiento","positive"
"embelesar","positive"
"embeleso","positive"
"embotado","negative"
"embravecido","negative"
"embriagar","positive"
"embrollo","negative"
"embrujar","positive"
"embullo","positive"
"embuste","negative"
"eminencia","positive"
"emocionante","positive"
"empobrecido","negative"
"empobrecimiento","negative"
"encantador","positive"
"encantar","positive"
"encogerse","negative"
"encomendar","positive"
"enconar","negative"
"encono","negative"
"encontronazo","negative"
"endeblez","negative"
"endiosamiento","negative"
"energizar","positive"
"enervar","negative"
"enfadoso","negative"
"enfermedad","negative"
"enfermo","negative"
"enfurecido","negative"
"engano","negative"
"enganoso","negative"
"engendro","negative"
"engorroso","negative"
"engreimiento","negative"
"enojar","negative"
"enojoso","negative"
"enredo","negative"
"entono","negative"
"entranable","positive"
"entremetido","negative"
"entrometido","negative"
"envalentonamiento","negative"
"envanecimiento","negative"
"enzarzar","negative"
"equivalencia","positive"
"equivocacion","negative"
"equivocar","negative"
"equivocarse","negative"
"errar","negative"
"erroneo","negative"
"error","negative"
"erudito","positive"
"escalofriante","negative"
"escandalizar","negative"
"escandaloso","negative"
"escaramuza","negative"
"escasez","negative"
"escaso","negative"
"escoria","negative"
"escoriar","negative"
"esencial","positive"
"esforzado","positive"
"espanto","negative"
"espantoso","negative"
"especial","positive"
"espina","negative"
"espinoso","negative"
"esplendido","positive"
"esplendor","positive"
"esplendoroso","positive"
"estafa","negative"
"esteril","negative"
"estimular","positive"
"estirado","negative"
"estrafalario","negative"
"estrambotico","negative"
"estrella","positive"
"estremecedor","negative"
"estridente","negative"
"estruendo","negative"
"estupendo","positive"
"estupido","negative"
"euforia","positive"
"euforico","positive"
"evasivo","negative"
"exacto","positive"
"exagerado","negative"
"exagerar","negative"
"exaltar","positive"
"exasperante","negative"
"exceder","positive"
"excelente","positive"
"excentrico","negative"
"excepcional","positive"
"exclusivo","positive"
"exculpar","positive"
"execracion","negative"
"exencion","positive"
"exiguidad","negative"
"exiguo","negative"
"exitoso","positive"
"exorbitante","negative"
"experto","positive"
"expresivo","positive"
"exquisito","positive"
"exterminacion","negative"
"exterminio","negative"
"extrano","negative"
"extraordinario","positive"
"extravagante","negative"
"extremo","negative"
"exuberante","positive"
"exultacion","positive"
"exultant","positive"
"facilidad","positive"
"facistol","negative"
"factible","positive"
"fallo","negative"
"falsificado","negative"
"falta","negative"
"famoso","positive"
"fanfarron","negative"
"fantasma","negative"
"fantastico","positive"
"fantoche","negative"
"farolero","negative"
"fascinar","positive"
"fastidiado","negative"
"fastidiar","negative"
"fastidioso","negative"
"fasto","positive"
"fastuosidad","positive"
"fastuoso","positive"
"fatal","negative"
"fatiga","negative"
"fatuo","negative"
"favorito","positive"
"fecundo","positive"
"fehaciente","positive"
"feliz","positive"
"fenomenal","negative"
"ferocidad","negative"
"fertil","positive"
"ferviente","positive"
"fervor","positive"
"fervoroso","positive"
"festejo","positive"
"fetidez","negative"
"fiabilidad","positive"
"fiable","positive"
"fiasco","negative"
"fidedigno","positive"
"fiera","negative"
"fiereza","negative"
"fineza","positive"
"fino","positive"
"firme","positive"
"fisgon","negative"
"flamante","positive"
"flaqueza","negative"
"flojo","negative"
"formal","positive"
"formalidad","positive"
"formidable","positive"
"forrado","positive"
"fortuna","positive"
"forzar","negative"
"fraude","negative"
"frenesi","negative"
"fresco","negative"
"frio","negative"
"fructifero","positive"
"frustrar","negative"
"fuero","negative"
"fuerte","positive"
"fugaz","negative"
"funesto","negative"
"furia","negative"
"furioso","negative"
"furor","negative"
"futilidad","negative"
"galanteria","positive"
"galardon","positive"
"gallardo","positive"
"gallito","negative"
"gamberro","negative"
"ganancia","positive"
"garboso","positive"
"gazapaton","negative"
"gazapo","negative"
"gemir","negative"
"generosidad","positive"
"generoso","positive"
"genial","negative"
"gentil","positive"
"genuino","positive"
"glacial","negative"
"gloria","positive"
"glorioso","positive"
"golpe","negative"
"gorila","negative"
"gozoso","positive"
"gran","positive"
"grande","positive"
"grandeza","positive"
"grandiosidad","positive"
"gratificacion","positive"
"gratificante","positive"
"grato","positive"
"gratuito","negative"
"grave","negative"
"grima","negative"
"gris","negative"
"groseria","negative"
"grosero","negative"
"grunon","negative"
"guay","negative"
"gusto","positive"
"habil","positive"
"habilidad","positive"
"hacha","positive"
"hampon","negative"
"harpia","negative"
"harto","negative"
"hastiado","negative"
"hastio","negative"
"hecatombe","negative"
"hediondez","negative"
"hedor","negative"
"hematoma","negative"
"herida","negative"
"herir","negative"
"hermoso","positive"
"heroicidad","positive"
"hilaridad","positive"
"hinchazon","negative"
"histeria","negative"
"histerismo","negative"
"historia","negative"
"homenaje","positive"
"hondo","positive"
"honor","positive"
"honorable","positive"
"honorado","positive"
"horrendo","negative"
"horrido","negative"
"horripilante","negative"
"horror","negative"
"horrorizar","negative"
"horroroso","negative"
"hortera","negative"
"hosco","negative"
"hostigar","negative"
"huir","negative"
"humilde","negative"
"humillacion","negative"
"humillar","negative"
"humor","positive"
"humorismo","positive"
"idea","positive"
"identidad","positive"
"ido","negative"
"idoneo","positive"
"ignominia","negative"
"ilusion","positive"
"ilustrado","positive"
"imaginativo","positive"
"imbecil","negative"
"impaciente","positive"
"impecable","positive"
"impedimento","negative"
"imperfeccion","negative"
"impersonal","negative"
"impertinencia","negative"
"imponente","negative"
"imposible","negative"
"impreciso","negative"
"impresionante","positive"
"improductivo","negative"
"improperio","negative"
"imprudente","negative"
"impudico","negative"
"inaceptable","negative"
"inadecuado","negative"
"inadmisible","negative"
"inagotable","positive"
"inaguantable","negative"
"inapropiado","negative"
"incapacidad","negative"
"incapaz","negative"
"incitar","positive"
"incivilizado","negative"
"incomodidad","negative"
"incomodo","negative"
"incompetencia","negative"
"incompleto","negative"
"inconcebible","negative"
"incongruente","negative"
"incontestable","positive"
"increible","positive"
"increpacion","negative"
"incuestionable","positive"
"indigente","negative"
"indiscreto","negative"
"indistinguible","negative"
"individualidad","positive"
"individualismo","positive"
"indomado","negative"
"indubitable","positive"
"indudable","positive"
"ineficacia","negative"
"ineficaz","negative"
"inepto","negative"
"inexperto","negative"
"infalible","positive"
"infame","negative"
"infamia","negative"
"infantil","negative"
"infatigable","positive"
"infecundo","negative"
"inferior","negative"
"inflexible","negative"
"infortunado","negative"
"infortunio","negative"
"infructuoso","negative"
"ingenio","positive"
"ingeniosidad","positive"
"iniquidad","negative"
"inmaduro","negative"
"inmodestia","negative"
"inmundo","negative"
"innegable","positive"
"innovador","positive"
"inocente","positive"
"inopia","negative"
"inoportuno","negative"
"inquebrantable","positive"
"inquietante","negative"
"inquietar","negative"
"inquieto","negative"
"inquietud","negative"
"inquina","negative"
"insania","negative"
"insignificancia","negative"
"insignificante","negative"
"insolencia","negative"
"insoportable","negative"
"instructivo","positive"
"instruido","positive"
"insuficiente","negative"
"insufrible","negative"
"insultante","negative"
"insultos","negative"
"integridad","positive"
"inteligente","positive"
"interrumpir","negative"
"intolerable","negative"
"intoxicar","positive"
"intranquilidad","negative"
"intranquilizar","negative"
"intranquilo","negative"
"intrepido","positive"
"intrusion","negative"
"inutil","negative"
"invalido","negative"
"invasion","negative"
"inventiva","positive"
"irritacion","negative"
"irritante","negative"
"irritar","negative"
"jactancia","negative"
"jactancioso","negative"
"jaque","negative"
"jaqueton","negative"
"jovial","positive"
"jubilo","positive"
"juicioso","positive"
"justo","positive"
"laborioso","positive"
"ladino","negative"
"lamentable","negative"
"lamentoso","negative"
"lapsus","negative"
"lascivo","negative"
"lastimar","negative"
"lastimoso","negative"
"latoso","negative"
"leal","positive"
"lento","negative"
"lesion","negative"
"levantar","positive"
"liberar","positive"
"libertar","positive"
"libidinoso","negative"
"limpio","positive"
"lio","negative"
"llamativo","negative"
"lobrego","negative"
"locatis","negative"
"loco","negative"
"longanimidad","positive"
"lozania","negative"
"lucimiento","positive"
"lucrativo","positive"
"lugubre","negative"
"lujo","positive"
"lujoso","positive"
"luminoso","positive"
"lustre","positive"
"luxurioso","negative"
"macabro","negative"
"madurez","positive"
"maestria","positive"
"magnanime","positive"
"magnificencia","positive"
"magulladura","negative"
"magullar","negative"
"majara","negative"
"majareta","negative"
"majestuoso","negative"
"mal","negative"
"malhechor","negative"
"malhumorado","negative"
"malo","negative"
"manazas","negative"
"manejo","negative"
"mania","negative"
"mantener","positive"
"marana","negative"
"maravilla","positive"
"maravilloso","positive"
"masacre","negative"
"matamoros","negative"
"matanza","negative"
"maton","negative"
"maximo","positive"
"mayor","positive"
"medrar","positive"
"melancolia","negative"
"melancolico","negative"
"melon","negative"
"mendrugo","negative"
"menosprecio","negative"
"mentira","negative"
"merecedor","positive"
"merito","positive"
"miedo","negative"
"mierda","negative"
"miramiento","positive"
"miscelaneo","negative"
"miserable","negative"
"misero","negative"
"mixto","negative"
"modesto","negative"
"mohoso","negative"
"molesto","negative"
"monotono","negative"
"monstruo","negative"
"morado","negative"
"morbido","negative"
"morbositat","negative"
"morboso","negative"
"mordacidad","positive"
"mordaz","negative"
"mortal","negative"
"mortandad","negative"
"mortifero","negative"
"mortificacion","negative"
"movida","negative"
"naturalidad","positive"
"nauseabundo","negative"
"nauseoso","negative"
"necesitar","positive"
"negro","negative"
"noble","negative"
"nocivo","negative"
"nombroso","positive"
"obsceno","negative"
"obsesionante","negative"
"obsoleto","negative"
"obstaculo","negative"
"obstinacion","negative"
"obstinado","positive"
"obtuso","negative"
"ocasion","positive"
"ofensa","negative"
"ofensivo","negative"
"ofrecerse","negative"
"oposicion","negative"
"oprimir","negative"
"opulencia","positive"
"opulento","positive"
"ordinario","negative"
"orgullo","negative"
"orgulloso","negative"
"osado","positive"
"ovacion","positive"
"paciencia","positive"
"padecimiento","negative"
"palangana","negative"
"palurdo","negative"
"pasmado","negative"
"patan","negative"
"patinazo","negative"
"patoso","negative"
"pavoroso","negative"
"paz","positive"
"pebete","negative"
"pelea","negative"
"peligro","negative"
"peligroso","negative"
"pena","negative"
"penacho","negative"
"pendenciero","negative"
"penoso","negative"
"pequeno","negative"
"perdicion","negative"
"perdonavidas","negative"
"perfido","negative"
"perjudicial","negative"
"pernicioso","negative"
"perseverante","positive"
"persistente","positive"
"perspicacia","positive"
"perspicaz","positive"
"pertinaz","negative"
"perturbador","negative"
"perturbar","negative"
"perverso","negative"
"pescuezo","negative"
"peso","negative"
"pestazo","negative"
"peste","negative"
"picado","negative"
"picaro","negative"
"pinchar","negative"
"placidez","positive"
"plantista","negative"
"plenitud","positive"
"pobreteria","negative"
"poder","positive"
"porfiado","positive"
"positivo","positive"
"practicable","positive"
"precaucion","positive"
"preciosidad","positive"
"precioso","positive"
"predilecto","positive"
"preocupacion","negative"
"preocupante","negative"
"prepotencia","negative"
"prepotente","negative"
"presumido","negative"
"pretension","negative"
"prevencion","positive"
"prevision","positive"
"privacion","negative"
"prodigo","positive"
"productivo","positive"
"profundo","negative"
"profusion","positive"
"prolifero","positive"
"provechoso","positive"
"prudente","positive"
"pudiente","positive"
"punico","negative"
"purpura","positive"
"puteria","negative"
"quebradero","negative"
"quebrantar","negative"
"querella","negative"
"querubico","positive"
"quimerico","positive"
"radiante","positive"
"rajon","negative"
"rasguno","negative"
"raspadura","negative"
"raudo","positive"
"razonable","positive"
"real","positive"
"realizable","positive"
"rebosante","negative"
"recaudo","positive"
"rechazar","negative"
"recular","negative"
"redencion","positive"
"reganar","negative"
"reganina","negative"
"regano","negative"
"regio","negative"
"rehilete","negative"
"rencor","negative"
"repeler","negative"
"reprender","negative"
"represalia","negative"
"reprimenda","negative"
"reproche","negative"
"repugnancia","negative"
"repugnante","negative"
"repulsio","negative"
"resistir","negative"
"respetable","positive"
"respiro","positive"
"resuelto","positive"
"retrasado","negative"
"retraso","negative"
"revancha","negative"
"reyerta","negative"
"rigido","negative"
"rina","negative"
"risueno","positive"
"rocin","negative"
"romper","negative"
"rufian","negative"
"ruido","negative"
"ruin","negative"
"sabroso","positive"
"sagaz","negative"
"sambenito","negative"
"sarao","negative"
"saturnino","negative"
"sensacional","positive"
"sensato","positive"
"serenidad","positive"
"sereno","positive"
"serio","negative"
"severo","negative"
"simpatico","positive"
"simplicidad","positive"
"siniestro","negative"
"soberbia","negative"
"soberbio","negative"
"sobrecogedor","negative"
"sobrepasar","positive"
"sobrepujar","positive"
"socarron","negative"
"solemne","negative"
"solitario","negative"
"sombrio","negative"
"sorprender","negative"
"sosiego","positive"
"subalterno","negative"
"suficiencia","negative"
"sufrimiento","negative"
"sulfurado","negative"
"sumo","positive"
"surtido","negative"
"tacha","negative"
"tarado","negative"
"tarambana","negative"
"tarasca","negative"
"tarugo","negative"
"temerario","negative"
"temible","negative"
"tempestuoso","negative"
"terco","negative"
"terquedad","negative"
"testarudez","negative"
"timo","negative"
"tocado","negative"
"toldo","negative"
"tomate","negative"
"tonto","negative"
"tormentoso","negative"
"totalidad","positive"
"traicionero","negative"
"transgresor","negative"
"transporte","positive"
"trapisonda","negative"
"trastornar","negative"
"trauma","negative"
"triste","negative"
"ufania","negative"
"valeroso","positive"
"valiente","positive"
"vanidad","negative"
"vareta","negative"
"vehemencia","negative"
"venganza","negative"
"vengar","negative"
"ventaja","positive"
"ventolera","negative"
"veracidad","positive"
"verde","negative"
"vigorizar","positive"
"virulento","negative"
"vital","positive"
"vitriolico","negative"
"voceador","negative"
"vociferador","negative"
"zamarro","negative"
"zurullo","negative"
"accesible","positive"
"acumulacion","negative"
"adaptar","positive"
"aliviar","positive"
"aproximado","negative"
"autoritario","negative"
"basico","positive"
"bondad","positive"
"calibre","positive"
"caligrafia","positive"
"cambio","positive"
"centenario","positive"
"cerrado","negative"
"complejo","negative"
"convencional","positive"
"crucial","positive"
"culpable","negative"
"cumplido","positive"
"destruido","negative"
"emocion","positive"
"energia","positive"
"envidia","positive"
"escondido","negative"
"eventual","negative"
"exactitud","positive"
"extinto","negative"
"falacia","negative"
"favorable","positive"
"festivo","positive"
"fidelidad","positive"
"forzado","negative"
"fragil","negative"
"horas","negative"
"hostil","negative"
"idealismo","positive"
"imposicion","negative"
"incrementado","positive"
"infinidad","negative"
"inflamacion","negative"
"informe","negative"
"instruccion","positive"
"inusual","negative"
"invencion","negative"
"legendario","negative"
"legitimidad","positive"
"ligero","negative"
"liquido","positive"
"listo","positive"
"martirio","negative"
"matematico","positive"
"mejor","positive"
"moderado","negative"
"mono","positive"
"moral","positive"
"mudo","negative"
"naturalista","negative"
"neutral","negative"
"nirvana","negative"
"olvidar","negative"
"ordenado","positive"
"original","negative"
"ortodoxo","positive"
"pago","positive"
"paro","negative"
"partidario","positive"
"patente","positive"
"polar","negative"
"popularidad","positive"
"potable","positive"
"preciso","positive"
"preservar","negative"
"privado","negative"
"progresivo","positive"
"proporcionado","positive"
"queja","negative"
"quiebra","negative"
"rebelde","negative"
"reconocido","negative"
"recuperado","positive"
"renunciar","negative"
"restauracion","positive"
"retirado","negative"
"retorica","negative"
"riesgo","negative"
"rumor","negative"
"sancion","negative"
"seco","negative"
"seguro","positive"
"simpatia","positive"
"sufrir","negative"
"sutil","positive"
"teorema","positive"
"teoria","negative"
"total","positive"
"tragedia","negative"
"tranquilidad","negative"
"tuberculos","negative"
"vano","negative"
"virtud","positive"
"vivido","positive"
"abarraganamiento","negative"
"abarrancarse","negative"
"abatido","negative"
"abatimiento","negative"
"abjuracion","negative"
"abjurar","negative"
"abnegacion","negative"
"abnegado","positive"
"abochornado","negative"
"abochornar","negative"
"abrumador","negative"
"absolucion","positive"
"absoluto","negative"
"abstinente","negative"
"absuelto","positive"
"abucheo","negative"
"abulico","negative"
"abusar","negative"
"abusivo","negative"
"abuso","negative"
"accidente","negative"
"acechante","positive"
"acedia","negative"
"acefalo","negative"
"acento","positive"
"acentrico","negative"
"aceptable","positive"
"aceptar","positive"
"aciago","positive"
"acicalado","positive"
"acierto","positive"
"acne","negative"
"acomodado","positive"
"acomodar","positive"
"acondritico","negative"
"aconfesional","negative"
"acongojado","negative"
"aconsejable","positive"
"acoquinado","negative"
"acreditado","positive"
"acromatopsia","negative"
"adecuacion","positive"
"adiabatico","negative"
"adictivo","negative"
"adinamico","negative"
"adivinanza","negative"
"administrable","positive"
"admirar","positive"
"admisible","negative"
"adoptable","positive"
"adoracion","positive"
"adquirible","positive"
"adular","positive"
"adustez","negative"
"adventicio","negative"
"adverso","negative"
"afabilidad","positive"
"afasico","negative"
"afectado","positive"
"aficionado","negative"
"afligir","negative"
"afonico","negative"
"afrodisiaco","positive"
"agonia","negative"
"agonico","negative"
"agonizar","negative"
"agotable","positive"
"agotador","negative"
"agradecido","negative"
"agramatical","negative"
"agravarse","positive"
"agregado","negative"
"agresivo","positive"
"agridulce","negative"
"agusanado","negative"
"ahito","negative"
"ajeno","negative"
"alabeo","positive"
"albinismo","negative"
"alborotado","negative"
"alborotador","negative"
"aleado","negative"
"alejamiento","negative"
"alentador","positive"
"alergico","negative"
"alienismo","negative"
"alisar","positive"
"aliviado","negative"
"allanar","positive"
"altisonante","negative"
"altruismo","positive"
"alucinacion","negative"
"amabilidad","positive"
"amalgamativo","negative"
"amano","positive"
"amargado","negative"
"amargor","negative"
"amateur","negative"
"amativo","positive"
"ambiguo","negative"
"amencia","negative"
"amenidad","positive"
"amenorrea","negative"
"amiloidosis","negative"
"amistosidad","negative"
"amor","positive"
"amorfo","negative"
"amoroso","positive"
"amortiguado","negative"
"amovible","positive"
"amphibolips","negative"
"ampuloso","negative"
"anaerobio","negative"
"anafrodisiaco","positive"
"analgesia","negative"
"analgia","negative"
"analizable","positive"
"anasarcoso","negative"
"andanada","negative"
"androginia","positive"
"aneroide","negative"
"anestesico","negative"
"angina","negative"
"anginas","negative"
"animacion","positive"
"animadversion","negative"
"anisotropico","negative"
"anomalia","negative"
"anormal","negative"
"anosmia","negative"
"anoxia","negative"
"antiamericano","negative"
"antidemocratico","negative"
"antiestetico","negative"
"antihelmintico","positive"
"antihigiene","negative"
"antimicrobiano","positive"
"antipatia","negative"
"antipoda","positive"
"antisemitico","negative"
"antisocial","negative"
"anuro","negative"
"apaciguable","positive"
"apaciguar","positive"
"apagado","negative"
"apariencia","positive"
"apatia","negative"
"apatico","negative"
"apendicitis","negative"
"apestoso","negative"
"apetitoso","positive"
"aplacable","positive"
"aplacar","positive"
"Apocalipsis","positive"
"apocamiento","negative"
"apractico","negative"
"apraxia","negative"
"apraxico","negative"
"apreciable","positive"
"apreciacion","negative"
"aptitud","positive"
"arable","positive"
"arcangel","positive"
"ardentia","negative"
"ardores","negative"
"arduo","negative"
"armonioso","positive"
"arrapiezo","negative"
"arreglar","positive"
"arrepentido","negative"
"arruga","negative"
"arteria","positive"
"artico","negative"
"articulado","negative"
"artistico","positive"
"aseptico","positive"
"asertivo","positive"
"asesinar","negative"
"asexuado","negative"
"asexual","negative"
"asfixia","negative"
"asimetrico","negative"
"asimilador","negative"
"asincrono","negative"
"asintomatico","negative"
"asociable","positive"
"asocial","negative"
"asociativo","negative"
"asolador","negative"
"asombro","positive"
"aspero","negative"
"asquerosidad","negative"
"asteriado","positive"
"astigmatismo","negative"
"astucia","positive"
"ataque","negative"
"ataxia","negative"
"aterrador","negative"
"atipico","negative"
"atono","negative"
"atormentado","negative"
"atraccion","positive"
"atractividad","positive"
"atraer","positive"
"atribuible","positive"
"aturdido","negative"
"aturdimiento","negative"
"ausente","negative"
"auspicio","positive"
"autocompasion","negative"
"autoestima","positive"
"aventurero","positive"
"avergonzado","negative"
"avergonzante","negative"
"avergonzar","negative"
"averiado","negative"
"averiguable","positive"
"aversivo","negative"
"avido","positive"
"avispado","negative"
"axenico","negative"
"ay","negative"
"bacteroides","negative"
"bancarrota","negative"
"barato","negative"
"barboteo","negative"
"batallador","positive"
"beateria","positive"
"beato","positive"
"bellaqueria","negative"
"bendecido","positive"
"bendito","positive"
"benefactor","positive"
"beneficencia","positive"
"beneficiar","positive"
"benigno","positive"
"bezo","negative"
"bien","positive"
"bienintencionado","negative"
"bilioso","negative"
"biodegradable","positive"
"bisbiseo","negative"
"bisexualidad","positive"
"blanco","positive"
"blandengue","negative"
"blando","negative"
"blindado","negative"
"bloqueo","negative"
"boato","positive"
"boehmeria","negative"
"bonanza","positive"
"bondadoso","positive"
"borrable","positive"
"borrascoso","negative"
"borroso","negative"
"Bosworth","negative"
"brete","negative"
"bribon","negative"
"briboneria","negative"
"brillo","positive"
"brio","positive"
"broma","positive"
"bromista","positive"
"bronquiolitis","negative"
"bronquitico","negative"
"bronquitis","negative"
"brusquedad","positive"
"brutalidad","negative"
"brutalizar","negative"
"bruto","negative"
"bufon","negative"
"bullir","negative"
"bulo","negative"
"burlarse","negative"
"caballeroso","positive"
"cabezon","negative"
"cabezudo","negative"
"cacatua","negative"
"cachondo","positive"
"cacofonia","negative"
"cacofonico","negative"
"cacogenesis","negative"
"calambrazo","negative"
"calcado","negative"
"caliente","positive"
"calumnia","negative"
"calumniador","negative"
"calumnioso","negative"
"camanduleria","negative"
"camelo","positive"
"campanudo","negative"
"canalla","negative"
"canallesco","negative"
"candor","positive"
"canijo","negative"
"canjeable","positive"
"cansado","negative"
"cantable","positive"
"caotico","negative"
"capacidad","positive"
"caprichoso","positive"
"caracter","positive"
"carbonado","negative"
"carente","negative"
"carestia","positive"
"cargar","negative"
"cargarse","negative"
"caridad","negative"
"carino","positive"
"carisma","negative"
"carismatico","positive"
"carminativo","positive"
"carnicero","negative"
"carnosidad","negative"
"carnoso","negative"
"cartilaginoso","negative"
"caseoso","negative"
"casero","negative"
"castidad","positive"
"castigable","negative"
"castigador","positive"
"castigar","negative"
"casto","positive"
"catabolico","negative"
"cataclismico","negative"
"catacresis","negative"
"cauteloso","positive"
"cautivado","negative"
"cauto","positive"
"cazar","negative"
"cegador","positive"
"cenizo","negative"
"ceno","negative"
"censurable","negative"
"central","positive"
"cenudo","negative"
"certeza","negative"
"certidumbre","negative"
"certificado","positive"
"chapuceria","negative"
"chapucero","negative"
"chapuza","negative"
"chistoso","positive"
"chocante","negative"
"chocarreria","negative"
"chulo","negative"
"chungo","negative"
"chusco","positive"
"cicatrizado","positive"
"ciego","negative"
"cinico","negative"
"cistitis","negative"
"citable","positive"
"civico","positive"
"clarividente","positive"
"claro","positive"
"clase","positive"
"clasico","positive"
"clemente","negative"
"cobarde","negative"
"cobista","positive"
"coccidioidomicosis","negative"
"coccidioidosis","negative"
"codicia","negative"
"codiciado","positive"
"codorniz","positive"
"colico","negative"
"colicoso","negative"
"colitis","negative"
"coloquial","negative"
"colquiaceas","negative"
"combatividad","negative"
"comedido","positive"
"comerciable","positive"
"comercial","negative"
"comezon","positive"
"comodo","negative"
"compadecer","negative"
"comparable","positive"
"compasivo","positive"
"compensacion","positive"
"competencia","positive"
"complementario","negative"
"complicado","negative"
"compresible","positive"
"comprobable","positive"
"comprometedor","negative"
"compuncion","negative"
"concentrado","negative"
"concreto","positive"
"concubinato","negative"
"concupiscencia","positive"
"condena","negative"
"condenable","negative"
"condenatorio","negative"
"condolerse","negative"
"confesar","negative"
"confiado","positive"
"confidencial","positive"
"conflictivo","negative"
"conformidad","positive"
"conformista","negative"
"confortable","negative"
"confundido","negative"
"confuso","negative"
"congelado","negative"
"congenialidad","positive"
"congestion","negative"
"congraciador","positive"
"congruencia","positive"
"conmovedor","positive"
"conmover","negative"
"conquista","negative"
"conquistar","positive"
"consagracion","positive"
"consciente","positive"
"conservado","negative"
"constancia","negative"
"constitucional","positive"
"contagioso","positive"
"contencioso","negative"
"contingente","negative"
"continuo","negative"
"contractil","positive"
"contradecible","positive"
"contradecir","negative"
"contrahecho","negative"
"contrarevolucionario","negative"
"contrariado","negative"
"contrasentido","negative"
"contricion","negative"
"contrito","negative"
"controlable","positive"
"controvertido","positive"
"contumaz","negative"
"convencimiento","negative"
"conveniencia","positive"
"conviccion","negative"
"convulsivo","negative"
"copepodos","positive"
"copernico","positive"
"coprolalia","negative"
"corazonada","negative"
"cordialidad","negative"
"correctitud","positive"
"correcto","positive"
"corregible","positive"
"corregido","negative"
"corregir","negative"
"corriente","negative"
"corromper","negative"
"corrompido","negative"
"corruptible","positive"
"corruptor","negative"
"cortesia","positive"
"creido","negative"
"cretinismo","negative"
"cretino","negative"
"criopatia","negative"
"crisis","negative"
"cristalino","positive"
"cristo","negative"
"criticable","negative"
"criticar","negative"
"criticon","negative"
"cronico","negative"
"crucifixion","negative"
"crudeza","negative"
"crudo","negative"
"cruzado","negative"
"cualidad","positive"
"cualificado","positive"
"cuca","positive"
"cucamonas","positive"
"cuerdo","positive"
"cuestionar","positive"
"cuidado","positive"
"cuidadoso","positive"
"culi","negative"
"culpa","negative"
"cultivable","positive"
"curado","positive"
"curarse","positive"
"curativo","positive"
"cursi","positive"
"curvilineo","positive"
"cutreria","negative"
"daltoniano","negative"
"daltonico","negative"
"daltonismo","negative"
"danado","negative"
"debilitado","negative"
"debilitador","negative"
"debilitante","negative"
"decaimiento","negative"
"decencia","positive"
"decente","positive"
"decepcionante","negative"
"decepcionar","negative"
"decoro","positive"
"decoroso","positive"
"dedicacion","positive"
"dedicado","positive"
"defectuoso","negative"
"defendible","positive"
"defensa","negative"
"deferente","positive"
"definido","positive"
"definitivo","positive"
"deformar","negative"
"degenerado","negative"
"degradacion","negative"
"degradado","negative"
"degradante","negative"
"delantera","positive"
"delectable","positive"
"deliquio","negative"
"delirante","negative"
"delirium","negative"
"demacrado","negative"
"demasia","negative"
"demerito","negative"
"democratico","positive"
"demoledor","negative"
"demoniaco","negative"
"demostrable","positive"
"denigrador","negative"
"denigrar","negative"
"denigratorio","negative"
"dependiente","negative"
"depravacion","positive"
"depravado","positive"
"depravar","negative"
"depresion","negative"
"derrota","negative"
"desabastecimiento","negative"
"desabrochado","negative"
"desacertado","negative"
"desaconsejable","negative"
"desaconsejado","negative"
"desacostumbrado","negative"
"desacreditacion","negative"
"desacreditador","negative"
"desacreditar","negative"
"desagradecimiento","negative"
"desaire","negative"
"desalinado","negative"
"desalino","negative"
"desamparado","negative"
"desanimado","negative"
"desanimo","negative"
"desaprobar","negative"
"desaprobatorio","negative"
"desaprovechado","negative"
"desaprovechamiento","negative"
"desarreglado","negative"
"desaseado","negative"
"desaseo","negative"
"desatino","negative"
"desatrancado","positive"
"desazonado","negative"
"desbaratador","positive"
"desbocado","negative"
"descabellado","positive"
"descamisado","negative"
"descargado","negative"
"descartar","negative"
"descastado","negative"
"descollar","positive"
"descoloracion","negative"
"desconcertante","negative"
"desconcierto","negative"
"desconectado","negative"
"desconocimiento","negative"
"desconsideracion","negative"
"desconsuelo","negative"
"descontento","negative"
"descontrolado","negative"
"descorazonador","negative"
"descortesia","negative"
"descubierto","negative"
"descubrible","positive"
"desdenable","positive"
"desdenoso","negative"
"deseabilidad","positive"
"deseado","positive"
"desecado","positive"
"desempatado","negative"
"desempleo","negative"
"desencantado","positive"
"desencantar","positive"
"desencorvar","positive"
"desenfadado","positive"
"desenfocado","negative"
"desenfrenado","negative"
"desenganado","positive"
"desensibilizar","negative"
"desenvoltura","negative"
"desequilibrado","positive"
"desespero","negative"
"desfavorecimiento","negative"
"desfigurar","negative"
"desgrenado","negative"
"deshabitado","negative"
"desheredado","negative"
"desheredar","negative"
"deshidratado","positive"
"deshonestidad","negative"
"deshonesto","negative"
"deshonrar","negative"
"deshonroso","negative"
"designar","positive"
"desilusionar","positive"
"desinclinado","negative"
"desindustrializado","negative"
"desinfeccion","negative"
"desinteres","positive"
"desinteresado","positive"
"desleal","negative"
"deslucimiento","positive"
"desmandado","negative"
"desmayo","negative"
"desmelenado","negative"
"desmesura","negative"
"desmoralizador","negative"
"desnaturalidad","negative"
"desnivel","negative"
"desnutricion","negative"
"desnutrido","negative"
"desobediente","negative"
"desocupacion","negative"
"desordenado","negative"
"desparpajo","negative"
"despavilado","positive"
"despecho","negative"
"despectivo","negative"
"despeinado","negative"
"desperdiciado","negative"
"desperdiciar","negative"
"despierto","positive"
"despilfarro","negative"
"despistado","negative"
"desposeido","negative"
"despota","negative"
"despreciativo","negative"
"despreocupacion","negative"
"despreocupado","positive"
"desprestigiador","negative"
"desprestigiar","negative"
"desprestigio","negative"
"desprevenido","negative"
"desprovisto","negative"
"desquiciado","positive"
"destacarse","positive"
"destapado","negative"
"destructividad","negative"
"destructivo","negative"
"destructor","negative"
"desvalido","negative"
"desvelado","positive"
"desventaja","negative"
"detectable","positive"
"deteriorado","negative"
"deuteranopia","negative"
"devastacion","negative"
"devastador","negative"
"devocion","positive"
"devoto","positive"
"diabetico","negative"
"diablura","negative"
"diabolico","negative"
"diacritico","positive"
"diagonalizable","positive"
"difamacion","negative"
"difamador","negative"
"difamatorio","negative"
"diferencia","negative"
"diferenciable","positive"
"diferente","negative"
"difteria","negative"
"dignidad","positive"
"dignificar","positive"
"dilacion","negative"
"diletante","positive"
"diligencia","positive"
"diligente","positive"
"diluido","negative"
"dipsnea","negative"
"discapacidad","negative"
"discapacitado","negative"
"discernible","positive"
"discernidor","positive"
"disconforme","negative"
"discordante","negative"
"discrepante","negative"
"discreto","positive"
"discriminar","negative"
"discutible","positive"
"disenteria","negative"
"disfemistico","negative"
"disfrute","positive"
"disfuerzo","negative"
"disgustoso","negative"
"disidente","positive"
"disimilar","negative"
"disimulado","negative"
"disimulador","negative"
"dislocacion","negative"
"disoluto","negative"
"disonancia","negative"
"disonante","negative"
"dispar","positive"
"disparejo","negative"
"dispepsia","negative"
"dispeptico","negative"
"disperso","negative"
"disponibilidad","positive"
"disputable","positive"
"distanciamiento","negative"
"distendido","negative"
"distinguible","positive"
"distinguirse","positive"
"distinto","negative"
"distraccion","negative"
"disturbar","negative"
"disuadir","negative"
"divinidad","positive"
"doblez","negative"
"docil","positive"
"docilidad","positive"
"doctrinario","negative"
"dolido","negative"
"dolor","negative"
"dolorido","negative"
"doma","positive"
"domesticable","positive"
"dominante","negative"
"donar","positive"
"Dostoevski","negative"
"dotado","positive"
"dramatismo","positive"
"duda","negative"
"duplicidad","negative"
"dureza","negative"
"edema","negative"
"edematoso","negative"
"edificante","positive"
"educacion","positive"
"eficiencia","positive"
"egoismo","negative"
"elaborado","positive"
"elegancia","positive"
"elemental","positive"
"eliminar","negative"
"emancipador","positive"
"embarazoso","negative"
"embarrar","negative"
"embaucar","negative"
"embergadura","positive"
"embrollar","negative"
"embustero","negative"
"emetico","negative"
"emocionado","positive"
"emotividad","positive"
"emotivo","positive"
"empacho","negative"
"empalagar","positive"
"empeorar","positive"
"emporcar","negative"
"emprendedor","positive"
"enajenado","negative"
"enaltecer","positive"
"enanismo","negative"
"enardecedor","positive"
"encandilamiento","negative"
"encantado","negative"
"encarecimiento","positive"
"encefalitis","negative"
"enclenque","negative"
"encogimiento","negative"
"encomiable","positive"
"encrespado","negative"
"encubierto","negative"
"endeble","negative"
"endiablado","negative"
"enfangar","negative"
"enfasis","positive"
"enfermizo","negative"
"enfurecer","negative"
"enfurrunarse","negative"
"enganar","negative"
"engatusar","negative"
"enlodar","negative"
"enlodazar","negative"
"enmienda","negative"
"enmugrecer","negative"
"ennoblecedor","positive"
"ennoblecer","positive"
"enormidad","negative"
"enredar","negative"
"enrevesado","negative"
"enriquecer","positive"
"ensuciar","negative"
"entendido","positive"
"enteritis","negative"
"entrampar","negative"
"entrega","positive"
"entretener","positive"
"entristecido","negative"
"entusiasmado","negative"
"envilecedor","negative"
"envilecido","negative"
"epicureo","positive"
"equidad","positive"
"equilibrado","positive"
"equivocado","negative"
"equivoquista","negative"
"ergotismo","negative"
"erisipela","negative"
"erotico","positive"
"escabroso","negative"
"escalofrio","positive"
"escaquearse","negative"
"escarabajo","negative"
"escarnio","negative"
"escocedura","negative"
"escozor","negative"
"escrofuloso","negative"
"escrupulo","positive"
"escrupulosidad","positive"
"escualidez","negative"
"escualido","negative"
"escupir","negative"
"esencia","positive"
"esmero","positive"
"espabilado","negative"
"espasmo","negative"
"espasmodico","negative"
"espastico","negative"
"espavilado","positive"
"especializado","positive"
"especificable","positive"
"especioso","negative"
"especular","positive"
"especulativo","negative"
"esperanza","positive"
"esplendidez","positive"
"esponja","negative"
"esporadico","negative"
"esporozoos","positive"
"esquivez","negative"
"esquivo","negative"
"estable","negative"
"establecido","positive"
"estacionario","negative"
"estanco","negative"
"estatico","negative"
"estercolero","negative"
"estereotipado","negative"
"estetico","positive"
"estilo","positive"
"estimable","positive"
"estimulador","positive"
"estoico","negative"
"estrago","negative"
"estremecimiento","positive"
"estrenido","negative"
"estrenimiento","negative"
"estresado","negative"
"estresante","negative"
"estropeado","negative"
"estrujador","negative"
"estupefaccion","negative"
"estupidez","negative"
"estupor","negative"
"etereo","positive"
"eufemistico","negative"
"eufonia","positive"
"eufonico","positive"
"evidente","positive"
"evitable","positive"
"evitar","negative"
"exacerbacion","negative"
"exageracion","negative"
"exaltacion","positive"
"exaltante","positive"
"exasperacion","negative"
"excelencia","positive"
"excepcion","negative"
"excesivo","negative"
"excitante","positive"
"exclamar","negative"
"excoriacion","negative"
"exculpacion","positive"
"exculpado","positive"
"excusable","positive"
"excusar","negative"
"excusarse","negative"
"execrable","negative"
"exigente","positive"
"exigidad","negative"
"eximir","positive"
"existente","negative"
"exitazo","negative"
"exonerado","positive"
"exorbitancia","negative"
"expectante","positive"
"expiable","positive"
"expiacion","negative"
"explicable","positive"
"explotar","negative"
"exponer","negative"
"exportable","positive"
"expresable","positive"
"expresividad","negative"
"expreso","negative"
"extasis","negative"
"extenuante","negative"
"extenuar","negative"
"extinguir","negative"
"extralegal","negative"
"extralingistico","negative"
"extraneza","negative"
"extrangero","negative"
"extraoficial","negative"
"extraviado","negative"
"extrinseco","negative"
"exuberancia","positive"
"fabula","negative"
"fabuloso","positive"
"falaz","negative"
"fallar","negative"
"fallido","negative"
"falsario","negative"
"falsear","negative"
"falsedad","negative"
"falsificar","negative"
"fama","positive"
"famelico","negative"
"familiarizado","positive"
"fanatico","negative"
"fangoso","negative"
"fantasia","positive"
"fascinacion","positive"
"fatalidad","negative"
"fatalista","negative"
"fatidico","positive"
"fatuidad","negative"
"fausto","positive"
"fealdad","negative"
"febril","positive"
"fechoria","negative"
"fecundidad","positive"
"felicidad","negative"
"feo","negative"
"fetido","negative"
"ficcion","negative"
"ficticio","negative"
"fiebre","negative"
"fijo","positive"
"filfa","negative"
"filocomunista","negative"
"final","negative"
"fingimiento","positive"
"finura","positive"
"fio","positive"
"fisgoneo","negative"
"fisicoterapeuta","negative"
"flatulento","negative"
"flebitis","negative"
"flema","negative"
"flematico","negative"
"flexible","positive"
"florido","positive"
"flotar","positive"
"fluctuacion","negative"
"fobico","negative"
"forastero","negative"
"forma","positive"
"Fortuna","positive"
"forunculo","negative"
"fragante","positive"
"fragilidad","negative"
"franco","negative"
"franqueza","positive"
"fraudulencia","negative"
"fraudulento","negative"
"frenetico","negative"
"frescura","negative"
"frialdad","positive"
"frivolidad","negative"
"frugal","negative"
"fruncion","negative"
"fruncir","negative"
"frustracion","negative"
"frustratorio","positive"
"fundamental","positive"
"funebre","negative"
"furtivo","positive"
"furunculo","negative"
"gafe","negative"
"galleria","negative"
"gallina","positive"
"galopin","negative"
"ganado","negative"
"ganancioso","positive"
"garabato","negative"
"garambaina","negative"
"garrapato","negative"
"gastritis","negative"
"gastroenteritis","negative"
"gazmoneria","negative"
"gazmono","positive"
"gelido","negative"
"gemido","negative"
"generalizado","negative"
"gentileza","positive"
"gerente","positive"
"gingivitis","negative"
"glamour","positive"
"goce","positive"
"golfante","negative"
"golpazo","negative"
"gonorrea","negative"
"gracioso","positive"
"gradual","negative"
"grafico","positive"
"grandilocuente","negative"
"grandilocuo","negative"
"granuja","negative"
"gregarismo","negative"
"gripe","positive"
"grullo","negative"
"grumoso","negative"
"guapo","positive"
"gueto","negative"
"guinapo","negative"
"gutural","negative"
"habilitar","positive"
"hackelia","negative"
"halitosis","negative"
"hallazgo","positive"
"handicap","negative"
"harmonioso","positive"
"harmonizable","positive"
"hartazgo","negative"
"hartazon","negative"
"hartura","negative"
"hechizo","positive"
"heder","negative"
"hediondo","negative"
"helmintico","positive"
"hepatitis","negative"
"herculeo","negative"
"herido","negative"
"hermanastra","negative"
"hermetico","negative"
"heroe","positive"
"heroico","positive"
"heroina","positive"
"heterogeneidad","negative"
"heterogeneo","negative"
"hibris","negative"
"hidrofobo","negative"
"hidropesia","negative"
"hidropico","negative"
"higiene","negative"
"higienico","positive"
"hinayana","negative"
"hinchado","negative"
"hincharse","negative"
"hiperadrenalismo","negative"
"hiperadrenocorticalismo","negative"
"hiperbole","negative"
"hiperbolico","positive"
"hipercritico","negative"
"hiperpirexia","positive"
"hipocondriaco","negative"
"hipocrita","positive"
"hipoglucemia","negative"
"hipotesis","negative"
"hipotetico","negative"
"hipotiroidismo","negative"
"hiriente","negative"
"historico","positive"
"holgura","positive"
"homicida","negative"
"homogeneidad","positive"
"honesto","negative"
"honorabilidad","positive"
"honorario","negative"
"honorifico","positive"
"honradez","positive"
"hormigueo","positive"
"hormiguilla","negative"
"horridez","negative"
"hosquedad","negative"
"hostilidad","negative"
"huella","negative"
"huero","negative"
"humanista","positive"
"humanistico","positive"
"humanitario","positive"
"humano","positive"
"humildad","negative"
"humillante","negative"
"hundible","positive"
"hurania","negative"
"hurano","negative"
"husmeo","negative"
"idealista","positive"
"idealizado","positive"
"identificable","positive"
"idilico","positive"
"idiota","negative"
"idiotez","negative"
"idolatrado","positive"
"idololatria","negative"
"ignifugo","negative"
"ignorancia","negative"
"igual","negative"
"igualdad","negative"
"ilegalidad","negative"
"ilegitimidad","negative"
"ilegitimo","negative"
"ilicito","negative"
"ilogico","negative"
"ilusorio","negative"
"ilustre","positive"
"imaginado","negative"
"imaginario","negative"
"imbecilidad","negative"
"imitado","negative"
"imitativo","positive"
"impaciencia","negative"
"imparable","negative"
"impasibilidad","negative"
"impasible","negative"
"impenetrable","negative"
"impenitente","negative"
"impensable","negative"
"imperceptible","negative"
"imperdonable","negative"
"imperfecto","negative"
"imperioso","negative"
"impermeable","negative"
"impermisibilidad","negative"
"impersuasible","negative"
"imperterrito","positive"
"imperturbable","negative"
"impetu","positive"
"impetuoso","negative"
"impio","negative"
"implicacion","negative"
"impolitico","negative"
"imponderable","negative"
"imponer","negative"
"importancia","positive"
"importante","positive"
"importuno","negative"
"impotencia","negative"
"impracticabilidad","negative"
"impracticable","negative"
"impredecible","negative"
"imprenta","negative"
"imprevisible","negative"
"improbable","negative"
"improcedencia","negative"
"improductividad","negative"
"impronunciable","negative"
"impropiedad","negative"
"impropio","negative"
"imprudencia","negative"
"impudente","positive"
"impugnar","negative"
"impulsivo","negative"
"impuro","positive"
"imputrescible","negative"
"inacabado","negative"
"inaccesibilidad","negative"
"inaccesible","negative"
"inaceptabilidad","negative"
"inacostumbrado","negative"
"inactivo","negative"
"inadaptacion","negative"
"inadaptado","negative"
"inadmisibilidad","negative"
"inadvertible","negative"
"inalcanzable","negative"
"inalienable","negative"
"inalterable","negative"
"inanimado","negative"
"inapelable","negative"
"inapetente","negative"
"inaplicable","negative"
"inarticulado","negative"
"inasequible","negative"
"inatacable","negative"
"inaudito","negative"
"incalculable","negative"
"incauto","negative"
"incendiario","negative"
"incidental","negative"
"incierto","negative"
"incisivo","positive"
"incitacion","negative"
"inclasificable","negative"
"inclemencia","negative"
"inclemente","negative"
"incombustible","negative"
"incomerciable","negative"
"incomestible","negative"
"incompatibilidad","negative"
"incompatible","negative"
"incompetente","positive"
"incomprensible","negative"
"incomprension","negative"
"incomprimible","negative"
"incomunicado","negative"
"inconformista","negative"
"incongruencia","negative"
"inconmensurable","negative"
"inconmensurado","negative"
"inconmutable","negative"
"inconquistable","negative"
"inconsciente","negative"
"inconsecuencia","negative"
"inconsecuente","positive"
"inconsistente","negative"
"inconsolable","negative"
"inconstancia","positive"
"inconstitucional","negative"
"incontaminado","negative"
"incontrolable","negative"
"inconveniente","negative"
"inconvertibilidad","negative"
"inconvertible","negative"
"incorporeo","negative"
"incorreccion","negative"
"incorrecto","negative"
"incorregible","negative"
"incorrompido","negative"
"incorrupcion","positive"
"incorruptibilidad","negative"
"incorruptible","negative"
"incorrupto","positive"
"incredulo","negative"
"incriminable","negative"
"incriminar","negative"
"incubo","negative"
"incultivable","negative"
"inculto","negative"
"incurabilidad","negative"
"incurable","negative"
"indebido","negative"
"indecencia","negative"
"indecente","negative"
"indecoroso","negative"
"indefendible","negative"
"indefensable","negative"
"indefensible","negative"
"indefenso","negative"
"indefinicion","positive"
"indefinido","negative"
"indelicadeza","negative"
"indelicado","positive"
"independiente","negative"
"indeseable","negative"
"indeterminable","negative"
"indeterminacion","positive"
"indeterminado","negative"
"indiagnosticable","negative"
"indicado","positive"
"indiferente","positive"
"indigerible","negative"
"indigestible","negative"
"indigestion","negative"
"indigesto","negative"
"indignado","negative"
"indignante","negative"
"indignidad","positive"
"indigno","positive"
"indirecto","negative"
"indiscernible","negative"
"indisciplinado","negative"
"indiscriminado","positive"
"indiscutible","negative"
"indistinto","negative"
"indivisible","negative"
"indoloro","negative"
"indomabilidad","negative"
"indomable","negative"
"indomito","negative"
"inducido","negative"
"indulgencia","negative"
"industrial","positive"
"inelegancia","positive"
"ineludible","positive"
"inenmendable","negative"
"inepcia","negative"
"inepte","negative"
"ineptitud","negative"
"inerte","negative"
"inescrupuloso","negative"
"inespecializado","negative"
"inestabilidad","positive"
"inevitable","negative"
"inexactitud","negative"
"inexacto","negative"
"inexcusable","negative"
"inexistente","negative"
"inexorabilidad","negative"
"inexpiable","negative"
"inexplicacion","negative"
"inexplotado","negative"
"inexportable","negative"
"inextinguible","negative"
"inextricable","negative"
"infalibilidad","negative"
"infeccioso","negative"
"inferioridad","negative"
"infernal","negative"
"infiel","negative"
"infiltrado","negative"
"infinitud","negative"
"inflado","negative"
"inflamado","negative"
"inflamar","negative"
"inflexibilidad","negative"
"infligir","negative"
"inflingir","negative"
"influenza","positive"
"informalidad","negative"
"infraalimentacion","negative"
"infrangible","negative"
"infrecuente","negative"
"ingenuidad","positive"
"ingenuo","negative"
"ingratitud","negative"
"ingrato","negative"
"inharmonico","negative"
"inhospitalario","negative"
"inhospitalidad","negative"
"inhumanidad","negative"
"inhumano","negative"
"injuriar","negative"
"injurioso","negative"
"injusticia","negative"
"injusto","negative"
"inmaculado","positive"
"inmanejable","negative"
"inmaterial","negative"
"inmaterialidad","negative"
"inmerecido","negative"
"inmoble","negative"
"inmodesto","positive"
"inmodificable","negative"
"inmodificado","negative"
"inmoral","positive"
"inmotivado","negative"
"inmovible","negative"
"inmovil","negative"
"inmovilizar","negative"
"inmundicia","negative"
"inmune","negative"
"inmutable","negative"
"innato","negative"
"innavegable","positive"
"innecesario","negative"
"innoble","negative"
"inocencia","positive"
"inocuo","negative"
"inofensivo","negative"
"inolvidable","positive"
"inoperable","negative"
"inpintable","negative"
"inquisicion","negative"
"inquisidor","negative"
"insaciable","negative"
"insaciado","negative"
"insalubridad","negative"
"insano","positive"
"insatisfaccion","positive"
"insatisfacible","negative"
"insatisfactorio","negative"
"insatisfecho","negative"
"inseguridad","negative"
"inseguro","negative"
"insensatez","negative"
"insensato","negative"
"insensibilidad","negative"
"insensibilizar","negative"
"insensible","negative"
"inseparable","positive"
"inservible","negative"
"insidia","negative"
"insidioso","negative"
"insincero","negative"
"insipidez","positive"
"insistente","positive"
"insociable","negative"
"insolente","positive"
"insolito","negative"
"insoluble","negative"
"insolucionables","negative"
"insolvente","negative"
"insomnio","negative"
"insonorizado","negative"
"insospechado","negative"
"inspiracion","positive"
"inspiracional","positive"
"inspirador","positive"
"insubmergible","negative"
"insubordinado","negative"
"insuficiencia","negative"
"insulsez","positive"
"insumergible","negative"
"insuperable","negative"
"insustituible","negative"
"intachable","negative"
"intacto","negative"
"intangible","negative"
"intelectual","positive"
"intencionalidad","positive"
"intenso","negative"
"interes","positive"
"interesado","positive"
"interesar","positive"
"interpretable","positive"
"intestado","negative"
"intimidacion","negative"
"intimidar","negative"
"intimo","positive"
"intocable","negative"
"intolerancia","negative"
"intolerante","negative"
"intransigencia","negative"
"intransigente","negative"
"intransitable","positive"
"intratable","negative"
"intrigante","positive"
"intrincado","negative"
"intruso","negative"
"inutilidad","negative"
"invalidez","negative"
"invariabilidad","negative"
"invariable","negative"
"invasivo","positive"
"invencibilidad","negative"
"invendible","negative"
"inverosimil","positive"
"investigacion","negative"
"investigador","positive"
"inviable","negative"
"inviolable","negative"
"invisibilidad","negative"
"invisible","negative"
"involuntario","negative"
"ira","negative"
"iracundia","negative"
"iracundo","negative"
"irascibilidad","negative"
"irascible","negative"
"ironico","negative"
"irreal","negative"
"irrealidad","negative"
"irrealizable","negative"
"irreconciliable","negative"
"irreconocible","negative"
"irrecuperable","negative"
"irredimible","negative"
"irreducible","negative"
"irreductible","negative"
"irreemplazable","negative"
"irreflexivo","negative"
"irrefutable","negative"
"irregular","negative"
"irregularidad","negative"
"irrelevante","negative"
"irremediable","negative"
"irreprochable","negative"
"irrespetuoso","positive"
"irrestricto","negative"
"irreverencia","negative"
"irreverente","negative"
"irrevocable","negative"
"irritabilidad","negative"
"irritable","negative"
"irrompible","negative"
"jadeante","negative"
"jocosidad","positive"
"jocoso","positive"
"jovialidad","positive"
"joya","negative"
"jubilado","negative"
"jubiloso","negative"
"jugueton","positive"
"junior","negative"
"justicia","positive"
"justificable","positive"
"justificarse","negative"
"juvenil","positive"
"kitsch","negative"
"laberintico","negative"
"labrantio","positive"
"lacerante","negative"
"laico","negative"
"lameculos","positive"
"lamentacion","negative"
"lamento","negative"
"languidez","negative"
"lappula","negative"
"lascivia","positive"
"lastimero","negative"
"latente","negative"
"laudable","positive"
"laureado","positive"
"lavable","positive"
"lavorable","positive"
"laxitud","negative"
"Lazaro","negative"
"legamo","negative"
"lego","negative"
"lepiota","positive"
"lepra","negative"
"leptospira","negative"
"liberador","positive"
"liberal","positive"
"liberarse","negative"
"libertino","negative"
"libre","negative"
"licenciarse","positive"
"licito","positive"
"ligereza","negative"
"limitado","negative"
"limpieza","negative"
"lipotimia","negative"
"lirico","positive"
"lividez","negative"
"llanto","negative"
"llevadero","negative"
"llorar","negative"
"lloro","negative"
"lloroso","negative"
"loable","positive"
"loar","positive"
"lodoso","negative"
"logica","positive"
"loro","negative"
"lubrico","negative"
"lucido","positive"
"lujuria","positive"
"lujuriar","positive"
"luminescencia","negative"
"macilento","negative"
"macizo","positive"
"maduro","positive"
"maestra","positive"
"maestro","positive"
"magistral","positive"
"magnanimo","positive"
"magnificar","positive"
"maldad","negative"
"maledicencia","negative"
"maleducado","positive"
"maleficencia","negative"
"malestar","negative"
"malevolencia","negative"
"malevolo","negative"
"malicia","positive"
"malicioso","negative"
"malignidad","negative"
"maligno","negative"
"malintencionado","negative"
"malnutricion","negative"
"malofagos","negative"
"malograrse","negative"
"maloliente","negative"
"malparar","negative"
"malquerencia","negative"
"malsano","negative"
"maltratar","negative"
"mana","positive"
"manchado","positive"
"mancillado","positive"
"mandinga","negative"
"manejabilidad","positive"
"manejable","positive"
"maniaco","negative"
"maniacodepresivo","negative"
"manifiesto","positive"
"manoso","positive"
"manso","positive"
"mansuetud","positive"
"mantenible","positive"
"mantenido","positive"
"marcado","negative"
"mareado","negative"
"mastoiditis","negative"
"mataperros","negative"
"matarratas","negative"
"meapilas","positive"
"mediano","negative"
"medicinal","positive"
"mediocre","negative"
"meditabundo","negative"
"mefistofelico","negative"
"megalomaniaco","negative"
"mejora","positive"
"melindre","negative"
"melindroso","negative"
"melodico","positive"
"melodioso","positive"
"melursus","negative"
"mendaz","negative"
"meningitis","negative"
"menor","negative"
"mentiroso","negative"
"merecer","positive"
"mestizo","negative"
"meticuloso","positive"
"metodismo","positive"
"mimetico","positive"
"mimetizar","positive"
"minusvalia","negative"
"minusvalidez","negative"
"minusvalido","negative"
"miope","negative"
"misantropico","negative"
"misericordioso","positive"
"mixedema","negative"
"mocoso","negative"
"modelico","positive"
"modelo","positive"
"modernidad","positive"
"modulado","positive"
"mohina","negative"
"mohino","negative"
"mojiganga","negative"
"mojigateria","negative"
"mojigato","positive"
"molestar","negative"
"momeria","negative"
"mona","positive"
"monovalente","negative"
"monstruosidad","negative"
"monumental","positive"
"moralidad","positive"
"moralizador","positive"
"morbosidad","negative"
"morganatico","negative"
"morosidad","negative"
"moroso","negative"
"mortificante","negative"
"mortificar","negative"
"muerte","negative"
"mugriento","negative"
"multivalente","positive"
"mundologia","positive"
"murmullo","negative"
"murria","negative"
"musica","positive"
"mutabilidad","positive"
"mutable","positive"
"mutilar","negative"
"narcisismo","positive"
"natural","negative"
"naturismo","negative"
"necesario","positive"
"necesitado","negative"
"nefando","negative"
"nefasto","negative"
"nefritis","negative"
"negable","positive"
"negar","negative"
"negativo","negative"
"neopreno","negative"
"nerviosismo","negative"
"nervioso","negative"
"neuralgia","negative"
"neurastenia","negative"
"neurotico","negative"
"neutro","negative"
"nictalopia","negative"
"nimravus","negative"
"nobleza","positive"
"nocional","negative"
"notable","positive"
"nudismo","negative"
"nuevo","negative"
"nulo","negative"
"numerario","negative"
"objetor","negative"
"oblicuidad","negative"
"obscuridad","negative"
"obsequiosidad","negative"
"obsequioso","positive"
"obsesion","negative"
"obtenible","positive"
"obvia","positive"
"obvio","positive"
"oculto","negative"
"ocurrente","positive"
"odiar","negative"
"odiosidad","negative"
"odioso","negative"
"ofender","negative"
"ofendido","negative"
"oficioso","negative"
"oftalmia","negative"
"ojeroso","negative"
"ojo","positive"
"oleina","negative"
"oloroso","positive"
"olvidadizo","negative"
"ondoso","negative"
"ondulado","negative"
"opinar","negative"
"opinion","negative"
"opuesto","negative"
"ordinariez","negative"
"originalidad","negative"
"ornitina","negative"
"oscilacion","negative"
"otro","negative"
"pacificar","positive"
"pagano","negative"
"pajarota","negative"
"paliacion","negative"
"paliativo","negative"
"palinodia","negative"
"palpable","positive"
"palpito","negative"
"panzada","negative"
"papelon","positive"
"paperas","negative"
"parable","positive"
"parado","negative"
"paranoia","negative"
"paranoico","negative"
"paranormal","negative"
"parasiticida","positive"
"pardillo","negative"
"parecer","negative"
"parotiditis","negative"
"partenogenetico","negative"
"pasable","positive"
"pasarse","negative"
"pasion","positive"
"pasmar","positive"
"pasmo","negative"
"pasterizacion","negative"
"pasteurelosis","negative"
"pasteurizacion","negative"
"pastoso","negative"
"patatus","negative"
"paternalista","positive"
"patetico","negative"
"patetismo","negative"
"patologia","positive"
"patologico","negative"
"patrana","positive"
"payaso","negative"
"pecable","negative"
"pecador","negative"
"pecaminoso","negative"
"pedazo","negative"
"pelado","negative"
"pelagra","negative"
"peligrosidad","negative"
"pelota","positive"
"pendiente","negative"
"penetrable","positive"
"penetrante","negative"
"penitencial","positive"
"pensativo","negative"
"penuria","negative"
"pequenez","negative"
"percance","negative"
"perceptible","positive"
"perceptivo","positive"
"perdida","negative"
"perdurar","negative"
"perentorio","negative"
"perfeccionado","positive"
"perfectible","positive"
"pericia","positive"
"peritonitis","negative"
"perjudicar","negative"
"permanente","negative"
"perplejidad","negative"
"perplejo","negative"
"perquisidor","negative"
"perversidad","positive"
"pervertido","positive"
"pervertir","negative"
"pesadumbre","negative"
"pesar","negative"
"pesaroso","negative"
"pesimismo","negative"
"pestilencia","negative"
"pestilente","negative"
"petardo","negative"
"petulancia","negative"
"peyorativo","negative"
"phthirius","negative"
"phthirus","negative"
"phytophthora","negative"
"piadoso","positive"
"picardia","positive"
"picazon","positive"
"piedad","negative"
"pifiado","negative"
"pillo","negative"
"pinchable","positive"
"pintoresco","positive"
"pintoresquismo","positive"
"pio","positive"
"piojillo","positive"
"piojoso","negative"
"piorrea","negative"
"pithecia","negative"
"pizca","negative"
"pleurodinia","negative"
"pobreza","negative"
"podredumbre","negative"
"podrido","negative"
"polemico","positive"
"polio","negative"
"poliomielitis","negative"
"pompa","positive"
"pomposo","negative"
"popularizacion","positive"
"poquedad","negative"
"poroso","negative"
"porqueria","negative"
"portentoso","positive"
"posesivo","positive"
"posible","negative"
"precavido","positive"
"preciosura","positive"
"preeminencia","positive"
"preferible","positive"
"preferir","positive"
"prejuicio","negative"
"preparado","positive"
"presentimiento","negative"
"presidir","positive"
"prestigioso","positive"
"prevenible","positive"
"preventivo","positive"
"previsible","positive"
"primordial","positive"
"principal","positive"
"principio","positive"
"privilegiado","positive"
"probable","negative"
"probado","positive"
"probidad","positive"
"problema","negative"
"problematico","negative"
"procedencia","positive"
"prodigio","positive"
"proeza","negative"
"profano","negative"
"profilactico","positive"
"prolifico","positive"
"prolijidad","negative"
"prometedor","positive"
"pronunciable","positive"
"pronunciado","negative"
"pronunciar","positive"
"propenso","negative"
"propiedad","positive"
"propulsor","positive"
"prosperidad","positive"
"prospero","positive"
"proteger","negative"
"protegido","negative"
"proteston","negative"
"provecho","positive"
"providencial","positive"
"provisional","negative"
"provocador","negative"
"provocativo","positive"
"prudencia","negative"
"prurito","positive"
"pseudofloema","negative"
"psicopatico","negative"
"psicopatologico","negative"
"psicoterapeuta","negative"
"psicotico","negative"
"pudibundez","negative"
"pudor","positive"
"pudrir","negative"
"pudrirse","negative"
"pulcritud","negative"
"punalada","positive"
"punible","negative"
"puntilloso","positive"
"punzada","negative"
"punzante","negative"
"pureza","positive"
"puritano","positive"
"puro","negative"
"pusilanime","negative"
"putada","negative"
"putrefaccion","negative"
"putrefacto","negative"
"putrido","negative"
"quebradizo","negative"
"quebrar","negative"
"quedo","negative"
"quejarse","negative"
"quejica","negative"
"quejicoso","negative"
"quejido","negative"
"quejumbre","negative"
"quejumbridad","negative"
"quejumbroso","negative"
"quemadura","negative"
"quemazon","negative"
"quieto","negative"
"quiquiriqui","negative"
"rabioso","negative"
"racionalidad","positive"
"radiopaco","negative"
"raido","negative"
"rancidez","negative"
"rancio","negative"
"raquitico","negative"
"raquitis","negative"
"raquitismo","negative"
"rareza","negative"
"raro","negative"
"rastrero","positive"
"reacio","negative"
"realista","negative"
"realzado","positive"
"recaer","positive"
"recalcitrante","negative"
"recalentarse","negative"
"recato","positive"
"recelo","negative"
"rechifla","negative"
"reciclable","positive"
"recompensa","positive"
"recomponerse","positive"
"reconciliable","positive"
"reconciliador","positive"
"reconcomio","positive"
"reconfortante","negative"
"reconocible","positive"
"reconocimiento","positive"
"reconstituyente","positive"
"reconstructor","positive"
"recriminable","negative"
"rectificable","positive"
"rectitud","positive"
"recto","positive"
"recuperarse","positive"
"recuperativo","positive"
"redentor","positive"
"redomado","positive"
"reducible","positive"
"reducido","negative"
"reductible","positive"
"reductor","negative"
"redundar","positive"
"reemplazable","positive"
"refinado","positive"
"refinamiento","positive"
"refocilacion","negative"
"refocilo","negative"
"reformatorio","negative"
"refractario","negative"
"refunfuno","negative"
"refunfunon","negative"
"reganon","negative"
"regenerador","positive"
"regente","negative"
"regocijado","negative"
"regocijo","positive"
"regodeo","negative"
"regulable","positive"
"regular","negative"
"rehabilitador","positive"
"rehabilitar","positive"
"relajado","negative"
"relajar","negative"
"relegacion","negative"
"relevar","positive"
"remediador","positive"
"remilgado","positive"
"remilgo","negative"
"remirado","positive"
"remitente","negative"
"remordimiento","negative"
"remunerado","positive"
"renir","negative"
"renovable","positive"
"rentabilidad","positive"
"rentable","positive"
"renuente","negative"
"reparable","positive"
"repaso","negative"
"repelente","negative"
"repelo","negative"
"replegable","positive"
"replica","negative"
"reponerse","positive"
"reposado","negative"
"reprensible","negative"
"reprobacion","negative"
"reprobatorio","negative"
"reprochable","negative"
"reproduccion","negative"
"repuesto","positive"
"repugnar","negative"
"repulsar","negative"
"repulsion","negative"
"repulsivo","negative"
"requerir","negative"
"resaca","negative"
"resentido","negative"
"resentimiento","negative"
"reserva","negative"
"reservado","positive"
"reservarse","positive"
"resfriado","negative"
"resistencia","negative"
"respetabilidad","positive"
"respetado","positive"
"respeto","positive"
"respetuoso","positive"
"resplandeciente","positive"
"responsable","positive"
"restablecido","positive"
"restringido","negative"
"reten","negative"
"retraccion","negative"
"retractacion","negative"
"retractar","negative"
"retractarse","negative"
"retraido","negative"
"retrado","negative"
"retribuido","positive"
"reuma","negative"
"reumatismo","negative"
"reutilizable","negative"
"Revelacion","positive"
"reverenciar","positive"
"reverendo","positive"
"reverente","positive"
"reversible","positive"
"revoltoso","negative"
"revuelto","negative"
"rico","positive"
"ricura","positive"
"ridiculez","positive"
"ridiculo","positive"
"rigidez","negative"
"rigurosidad","negative"
"rizado","negative"
"robustez","positive"
"robusto","positive"
"rococo","negative"
"rojo","negative"
"romanticismo","positive"
"ronoso","negative"
"rubicundez","positive"
"rudeza","negative"
"rudimentario","negative"
"rudo","negative"
"rugoso","negative"
"ruidoso","negative"
"ruinoso","negative"
"rumbo","positive"
"rustico","negative"
"sabrosura","positive"
"sacar","negative"
"saciedad","negative"
"sadico","negative"
"salado","positive"
"salaz","negative"
"salubre","positive"
"salubridad","positive"
"salud","positive"
"saludable","positive"
"salvador","positive"
"salvajada","negative"
"sanador","positive"
"sanar","positive"
"sangriento","negative"
"sanguinario","negative"
"sanguinolento","negative"
"sanidad","positive"
"sano","positive"
"santeria","positive"
"santo","positive"
"santurron","positive"
"santurroneria","positive"
"sarcastico","negative"
"sardonico","negative"
"satanico","negative"
"satisfaccion","negative"
"satisfacer","positive"
"satisfecho","negative"
"saturado","negative"
"secuestrar","negative"
"seductor","positive"
"seglar","negative"
"seguridad","positive"
"selectivo","positive"
"selecto","positive"
"semiabstracto","negative"
"semicualificado","positive"
"semirigido","negative"
"senal","negative"
"sencillez","positive"
"sencillo","negative"
"sensacionalismo","positive"
"sensatez","positive"
"sensible","negative"
"sensual","positive"
"sensualismo","positive"
"sentimental","positive"
"sentir","negative"
"separable","positive"
"septico","negative"
"sequedad","positive"
"serafico","positive"
"servible","positive"
"servicial","positive"
"servil","positive"
"sesil","negative"
"severidad","negative"
"sexi","positive"
"sexy","positive"
"sibaritico","positive"
"sicoterapeuta","negative"
"sicotico","negative"
"sigiloso","positive"
"significatividad","positive"
"silbas","negative"
"silbido","negative"
"simpatizante","negative"
"simpatizar","negative"
"simpleza","positive"
"sinceridad","positive"
"sincero","positive"
"sincope","negative"
"singularidad","positive"
"sintetico","negative"
"sinusitis","negative"
"sinvergenza","negative"
"sisar","negative"
"sobornable","positive"
"sobornar","negative"
"sobreactuacion","negative"
"sobrehumano","negative"
"sobrenatural","negative"
"sobresaliente","positive"
"sobresalir","positive"
"sobrio","negative"
"socarroneria","positive"
"sociable","positive"
"soez","negative"
"sofista","negative"
"sofisticacion","positive"
"sofisticado","positive"
"solapado","positive"
"solicito","positive"
"solido","positive"
"soltero","negative"
"solvencia","positive"
"somero","negative"
"sonido","negative"
"sonriente","positive"
"sonrosado","positive"
"soponcio","negative"
"soportable","negative"
"sordidez","negative"
"sordido","negative"
"sordo","negative"
"sorprendente","positive"
"sorpresa","negative"
"sosegar","positive"
"soseria","negative"
"sospechoso","negative"
"sostenible","positive"
"suave","positive"
"suavidad","positive"
"suavizar","positive"
"subalimentacion","negative"
"sublime","positive"
"subnormal","negative"
"subordinado","negative"
"subrepticio","positive"
"subsanable","positive"
"substituible","negative"
"sucedaneo","negative"
"suciedad","negative"
"sucio","negative"
"suficiente","negative"
"sumision","negative"
"sumiso","positive"
"suntuoso","positive"
"super","positive"
"superable","positive"
"superar","positive"
"superficialidad","negative"
"superior","positive"
"superioridad","positive"
"superrefinado","positive"
"supersaturado","negative"
"supersticioso","positive"
"suplicante","positive"
"suprimible","positive"
"sustancioso","positive"
"sustituible","positive"
"sustituto","negative"
"sutileza","negative"
"sutilidad","negative"
"synchytrium","positive"
"taciturnidad","negative"
"taciturno","negative"
"taima","positive"
"taimado","positive"
"taimeria","positive"
"talento","positive"
"tangible","positive"
"tapagujeros","negative"
"tardanza","negative"
"temeroso","negative"
"temor","negative"
"temperado","negative"
"templado","positive"
"temporal","negative"
"tenaz","negative"
"tenue","negative"
"tenuidad","negative"
"terapeutico","positive"
"ternura","positive"
"terrorifico","negative"
"testarudo","negative"
"testeado","positive"
"tierno","positive"
"tierra","negative"
"timido","positive"
"tiroideo","negative"
"tisico","negative"
"titular","positive"
"tiznadura","negative"
"tolerancia","positive"
"tonico","positive"
"torcido","negative"
"tormento","negative"
"torneado","positive"
"torpe","negative"
"torrido","negative"
"torturador","negative"
"tosco","negative"
"tosquedad","negative"
"toxicidad","negative"
"tozudez","negative"
"tozudo","negative"
"tracoma","negative"
"tragico","negative"
"trampa","positive"
"tramposo","negative"
"tranquilizado","positive"
"tranquilo","negative"
"transferibilidad","positive"
"transitorio","negative"
"transplantable","positive"
"transtornado","negative"
"trascendencia","positive"
"trasmisible","positive"
"traspie","negative"
"trasplantable","positive"
"trastazo","negative"
"traumatico","negative"
"traumatismo","negative"
"traumatofobia","negative"
"travieso","negative"
"tregua","negative"
"tremendo","negative"
"tributo","positive"
"trioleina","negative"
"tristeza","negative"
"tritanopico","negative"
"trivialidad","negative"
"tropezon","negative"
"tropiezo","negative"
"trozo","negative"
"truculento","negative"
"truhan","negative"
"truhaneria","negative"
"tubercular","negative"
"tufillo","negative"
"tufo","negative"
"tumescente","negative"
"tumido","negative"
"tumultuoso","negative"
"turbacion","negative"
"turbado","negative"
"turbador","negative"
"turbulento","negative"
"ulcerado","negative"
"ulceroso","negative"
"ultimo","negative"
"ultrajante","negative"
"unicidad","positive"
"unidad","positive"
"uniformidad","negative"
"unisex","negative"
"universal","negative"
"urbanidad","positive"
"uredinales","negative"
"ustilaginales","negative"
"utopico","negative"
"vacuna","negative"
"vacuno","negative"
"vagabundo","negative"
"vaguedad","negative"
"valentia","negative"
"validez","positive"
"valor","positive"
"vandalo","negative"
"variabilidad","negative"
"varicoso","negative"
"variedad","positive"
"vecinal","positive"
"veleidad","positive"
"venal","positive"
"vendible","positive"
"venenoso","negative"
"venerado","positive"
"venerar","positive"
"ventajoso","positive"
"venturoso","positive"
"veraz","positive"
"verdad","positive"
"vergonzoso","negative"
"vergenza","negative"
"veridico","positive"
"verificable","positive"
"vermifugo","positive"
"verminoso","negative"
"verosimil","positive"
"verosimilitud","positive"
"versatil","positive"
"vestigial","negative"
"viabilidad","positive"
"vibora","negative"
"viciado","negative"
"vicio","positive"
"vicioso","negative"
"viejo","negative"
"viento","negative"
"vigorizador","positive"
"vigorizante","positive"
"vigoroso","positive"
"vil","negative"
"vileza","negative"
"vilipendio","negative"
"villania","negative"
"violento","negative"
"virgen","negative"
"virtuosillo","positive"
"virtuoso","positive"
"vision","negative"
"vista","positive"
"vitalidad","positive"
"vitor","positive"
"vituperio","negative"
"vituperioso","negative"
"vivacidad","positive"
"vivaz","positive"
"vivo","positive"
"vocalico","negative"
"voluptuoso","positive"
"vulgar","negative"
"vulgaridad","negative"
"vulgariedad","negative"
"vulnerabilidad","negative"
"yeatsiano","positive"
"yerro","negative"
"yerto","negative"
"zafio","negative"
"zalameria","positive"
"zorreria","positive"
"zozobra","negative"
"zumbar","negative"
"zygophyllum","negative"
"wtf","negative"
"fail","negative"
"malo","negative"
"mierda","negative"
"prohbe","negative"
"polariza","negative"
"irresponsable","negative"
"prohibir","negative"
"cagada","negative"
"cago","negative"
"lucha","negative"
"olvido","negative"
"polariz","negative"
"incertidumbre","negative"
"inconformes","negative"
"inconforme","negative"
"temen","negative"
"pisando","negative"
"pisar","negative"
"prohibira","negative"
"faltan","negative"
"desplazados","negative"
"desplazado","negative"
"mal","negative"
"desgracia","negative"
"desgraciado","negative"
"chinga","negative"
"puto","negative"
"culero","negative"
"chido","positive"
"puta","negative"
"cabrn","negative"
"wey","negative"
"maricn","negative"
